{
  "feature_cols": [
    "month",
    "day",
    "day_of_week",
    "day_of_month",
    "quarter",
    "is_weekend",
    "is_month_start",
    "is_month_end",
    "lag_1",
    "lag_7",
    "lag_14",
    "lag_28",
    "rolling_mean_7",
    "rolling_std_7",
    "rolling_mean_14",
    "rolling_std_14",
    "trend",
    "onpromotion",
    "promo_lag_1",
    "promo_rolling_7",
    "store_nbr",
    "family_enc",
    "city_enc",
    "state_enc",
    "type_enc"
  ],
  "metrics": {
    "MAE": 1.486,
    "RMSE": 2.516,
    "R2": 0.4472,
    "SMAPE": 88.69,
    "WAPE": 49.22
  },
  "feature_importance": {
    "rolling_mean_14": 0.17536020278930664,
    "type_enc": 0.10782048106193542,
    "city_enc": 0.08246607333421707,
    "rolling_mean_7": 0.07499302178621292,
    "onpromotion": 0.0708141028881073,
    "store_nbr": 0.06442004442214966,
    "is_weekend": 0.04076559096574783,
    "lag_28": 0.0366147942841053,
    "family_enc": 0.032673757523298264,
    "rolling_std_14": 0.03248225897550583,
    "day_of_month": 0.027567168697714806,
    "rolling_std_7": 0.027181651443243027,
    "day_of_week": 0.0254901722073555,
    "day": 0.02412710152566433,
    "promo_rolling_7": 0.023321259766817093
  },
  "train_rows": 1264,
  "test_rows": 316,
  "data_path": "C:\\Users\\yashika thakkar\\Documents\\sales forecast\\src\\..\\data\\processed\\demo_sales.csv",
  "model_description": "XGBoost regression model trained on time-series sales data. Features include lag features (1, 7, 14, 28 days), rolling statistics (7 and 14-day windows), trend indicators, and promotion effects."
}